{"cameraMode":{"drawMode":0,"name":"Shaded","section":"Shading Mode"},"sceneLighting":false,"audioPlay":false,"sceneViewState":{"showFog":true,"showMaterialUpdate":false,"showSkybox":false,"showFlares":true,"showImageEffects":true,"showParticleSystems":true},"in2DMode":false,"pivot":{"x":-10.270000457763672,"y":0.9620523452758789,"z":0.0},"rotation":{"x":0.002075397642329335,"y":0.9948844313621521,"z":-0.09881667792797089,"w":0.02089543081820011},"size":3.2258169651031496,"orthographic":true}