{"cameraMode":{"drawMode":0,"name":"Shaded","section":"Shading Mode"},"sceneLighting":false,"audioPlay":false,"sceneViewState":{"showFog":true,"showMaterialUpdate":false,"showSkybox":true,"showFlares":true,"showImageEffects":true,"showParticleSystems":true},"in2DMode":false,"pivot":{"x":3.0957674980163576,"y":-4.992419242858887,"z":-13.787155151367188},"rotation":{"x":-0.00586365582421422,"y":0.9935830235481262,"z":-0.06149590387940407,"w":-0.0947449654340744},"size":2.107161045074463,"orthographic":false}