{"cameraMode":{"drawMode":0,"name":"Shaded","section":"Shading Mode"},"sceneLighting":false,"audioPlay":false,"sceneViewState":{"showFog":true,"showMaterialUpdate":false,"showSkybox":false,"showFlares":true,"showImageEffects":true,"showParticleSystems":true},"in2DMode":false,"pivot":{"x":-0.600059986114502,"y":-0.07915280759334564,"z":-0.16492897272109986},"rotation":{"x":0.05185481533408165,"y":0.926497757434845,"z":-0.1388978660106659,"w":0.34588438272476199},"size":6.88726806640625,"orthographic":false}