{"cameraMode":{"drawMode":0,"name":"Shaded","section":"Shading Mode"},"sceneLighting":false,"audioPlay":false,"sceneViewState":{"showFog":true,"showMaterialUpdate":false,"showSkybox":false,"showFlares":true,"showImageEffects":true,"showParticleSystems":true},"in2DMode":false,"pivot":{"x":-20.84000015258789,"y":-3.2300000190734865,"z":0.0},"rotation":{"x":-0.27037492394447329,"y":0.32345983386039736,"z":-0.09689414501190186,"w":-0.9016563892364502},"size":22.114831924438478,"orthographic":false}