{"cameraMode":{"drawMode":0,"name":"Shaded","section":"Shading Mode"},"sceneLighting":false,"audioPlay":false,"sceneViewState":{"showFog":true,"showMaterialUpdate":false,"showSkybox":true,"showFlares":true,"showImageEffects":true,"showParticleSystems":true},"in2DMode":false,"pivot":{"x":-0.47725045680999758,"y":0.24077606201171876,"z":-0.11354834586381912},"rotation":{"x":-0.00586365582421422,"y":0.9935830235481262,"z":-0.06149590387940407,"w":-0.0947449654340744},"size":2.13896107673645,"orthographic":false}