{"cameraMode":{"drawMode":0,"name":"Shaded","section":"Shading Mode"},"sceneLighting":false,"audioPlay":false,"sceneViewState":{"showFog":true,"showMaterialUpdate":false,"showSkybox":true,"showFlares":true,"showImageEffects":true,"showParticleSystems":true},"in2DMode":false,"pivot":{"x":5.389904499053955,"y":-5.096512317657471,"z":-13.399537086486817},"rotation":{"x":-0.21676428616046906,"y":0.7078055143356323,"z":-0.24506263434886933,"w":-0.6260743141174316},"size":1.8208341598510743,"orthographic":false}